,15:00,16:00,17:00,18:00,19:00,20:00,21:00,22:00,23:00,00:00,01:00,02:00,03:00,04:00,05:00,06:00,07:00,08:00,09:00,10:00,11:00,12:00,13:00,14:00,15:00,16:00,17:00,18:00,19:00,20:00,21:00,22:00,23:00,00:00,01:00,02:00,03:00,04:00,05:00,06:00,07:00,08:00,09:00,10:00,11:00,12:00,13:00,14:00,15:00,16:00,17:00,18:00,19:00,20:00,21:00,22:00,23:00,00:00,01:00,02:00,03:00,04:00,05:00,06:00,07:00,08:00,09:00,10:00,11:00,12:00,13:00,14:00
"Mar 1, 16",474.0,544.5,580.7,598.9,608.8,613.2,647.1,644.2,619.9,577.0,597.8,582.6,559.6,519.4,534.1,481.9,512.7,537.1,525.0,466.2,478.3,485.4,468.0,522.2,537.5,523.8,530.4,533.3,500.7,475.2,487.9,518.4,480.8,431.5,469.2,418.9,364.1,339.6,357.5,373.9,396.8,373.0,353.5,312.2,264.4,244.7,219.6,202.7,205.0,211.6,236.8,240.5,249.9,244.5,341.8,406.6,380.4,315.9,293.5,288.1,258.2,223.5,176.6,146.2,123.6,83.8,35.3,22.2,10.6,7.0,9.6,9.8
"Mar 2, 16",537.5,523.8,530.4,533.3,500.7,475.2,487.9,518.4,480.8,431.5,469.2,418.9,364.1,339.6,357.5,373.9,396.8,373.0,353.5,312.2,264.4,244.7,219.6,202.7,205.0,211.6,236.8,240.5,249.9,244.5,341.8,406.6,380.4,315.9,293.5,288.1,258.2,223.5,176.6,146.2,123.6,83.8,35.3,22.2,10.6,7.0,9.6,9.8,10.8,20.6,32.0,41.6,52.0,101.9,163.8,161.7,133.5,114.3,120.1,111.2,103.3,130.7,142.8,148.3,213.0,222.6,241.0,279.9,313.9,318.9,428.2,522.6
"Mar 3, 16",205.0,211.6,236.8,240.5,249.9,244.5,341.8,406.6,380.4,315.9,293.5,288.1,258.2,223.5,176.6,146.2,123.6,83.8,35.3,22.2,10.6,7.0,9.6,9.8,10.8,20.6,32.0,41.6,52.0,101.9,163.8,161.7,133.5,114.3,120.1,111.2,103.3,130.7,142.8,148.3,213.0,222.6,241.0,279.9,313.9,318.9,428.2,522.6,569.9,566.6,562.3,491.0,422.9,340.6,283.0,215.6,175.7,178.4,210.1,241.6,234.6,260.1,304.2,257.2,269.9,261.6,197.8,243.4,318.0,354.9,398.7,382.9
"Mar 4, 16",10.8,20.6,32.0,41.6,52.0,101.9,163.8,161.7,133.5,114.3,120.1,111.2,103.3,130.7,142.8,148.3,213.0,222.6,241.0,279.9,313.9,318.9,428.2,522.6,569.9,566.6,562.3,491.0,422.9,340.6,283.0,215.6,175.7,178.4,210.1,241.6,234.6,260.1,304.2,257.2,269.9,261.6,197.8,243.4,318.0,354.9,398.7,382.9,376.2,368.9,304.2,276.9,237.8,222.0,265.0,218.1,180.0,133.1,94.0,81.7,73.9,77.9,91.1,76.4,63.8,53.1,39.9,31.8,34.0,44.7,67.1,71.1
"Mar 5, 16",569.9,566.6,562.3,491.0,422.9,340.6,283.0,215.6,175.7,178.4,210.1,241.6,234.6,260.1,304.2,257.2,269.9,261.6,197.8,243.4,318.0,354.9,398.7,382.9,376.2,368.9,304.2,276.9,237.8,222.0,265.0,218.1,180.0,133.1,94.0,81.7,73.9,77.9,91.1,76.4,63.8,53.1,39.9,31.8,34.0,44.7,67.1,71.1,66.0,63.9,76.6,98.0,118.7,127.7,161.8,168.7,136.0,116.9,109.5,109.9,87.8,91.1,112.8,120.4,139.5,120.5,83.5,22.8,9.7,8.9,10.5,5.1
"Mar 6, 16",376.2,368.9,304.2,276.9,237.8,222.0,265.0,218.1,180.0,133.1,94.0,81.7,73.9,77.9,91.1,76.4,63.8,53.1,39.9,31.8,34.0,44.7,67.1,71.1,66.0,63.9,76.6,98.0,118.7,127.7,161.8,168.7,136.0,116.9,109.5,109.9,87.8,91.1,112.8,120.4,139.5,120.5,83.5,22.8,9.7,8.9,10.5,5.1,3.8,6.0,17.4,29.0,47.3,75.6,105.2,101.3,117.1,135.2,110.9,121.1,118.3,100.6,71.4,50.4,60.1,49.7,53.3,39.4,26.6,30.0,61.1,76.7
"Mar 7, 16",66.0,63.9,76.6,98.0,118.7,127.7,161.8,168.7,136.0,116.9,109.5,109.9,87.8,91.1,112.8,120.4,139.5,120.5,83.5,22.8,9.7,8.9,10.5,5.1,3.8,6.0,17.4,29.0,47.3,75.6,105.2,101.3,117.1,135.2,110.9,121.1,118.3,100.6,71.4,50.4,60.1,49.7,53.3,39.4,26.6,30.0,61.1,76.7,142.5,190.7,248.5,424.9,462.5,501.5,588.5,582.5,586.9,588.8,613.6,575.2,510.4,428.6,414.8,435.4,442.7,421.1,423.6,428.5,412.2,383.6,399.2,446.7
"Mar 8, 16",3.8,6.0,17.4,29.0,47.3,75.6,105.2,101.3,117.1,135.2,110.9,121.1,118.3,100.6,71.4,50.4,60.1,49.7,53.3,39.4,26.6,30.0,61.1,76.7,142.5,190.7,248.5,424.9,462.5,501.5,588.5,582.5,586.9,588.8,613.6,575.2,510.4,428.6,414.8,435.4,442.7,421.1,423.6,428.5,412.2,383.6,399.2,446.7,506.9,560.7,547.4,616.5,565.7,519.0,453.4,467.2,464.5,445.0,441.7,431.6,407.1,336.2,331.0,323.8,372.1,367.6,310.3,265.7,266.9,212.8,225.2,320.5
"Mar 9, 16",142.5,190.7,248.5,424.9,462.5,501.5,588.5,582.5,586.9,588.8,613.6,575.2,510.4,428.6,414.8,435.4,442.7,421.1,423.6,428.5,412.2,383.6,399.2,446.7,506.9,560.7,547.4,616.5,565.7,519.0,453.4,467.2,464.5,445.0,441.7,431.6,407.1,336.2,331.0,323.8,372.1,367.6,310.3,265.7,266.9,212.8,225.2,320.5,398.6,349.0,374.2,454.6,318.7,275.2,320.5,332.9,355.1,305.2,230.6,210.7,206.0,182.1,187.5,163.8,181.8,200.9,199.1,177.1,187.3,170.3,163.6,135.6
"Mar 10, 16",506.9,560.7,547.4,616.5,565.7,519.0,453.4,467.2,464.5,445.0,441.7,431.6,407.1,336.2,331.0,323.8,372.1,367.6,310.3,265.7,266.9,212.8,225.2,320.5,398.6,349.0,374.2,454.6,318.7,275.2,320.5,332.9,355.1,305.2,230.6,210.7,206.0,182.1,187.5,163.8,181.8,200.9,199.1,177.1,187.3,170.3,163.6,135.6,133.7,146.6,158.0,179.8,207.8,279.5,401.6,431.1,417.6,403.9,385.8,399.6,350.0,304.5,245.5,235.8,211.5,193.3,137.5,94.8,127.4,123.3,98.1,80.4
"Mar 11, 16",398.6,349.0,374.2,454.6,318.7,275.2,320.5,332.9,355.1,305.2,230.6,210.7,206.0,182.1,187.5,163.8,181.8,200.9,199.1,177.1,187.3,170.3,163.6,135.6,133.7,146.6,158.0,179.8,207.8,279.5,401.6,431.1,417.6,403.9,385.8,399.6,350.0,304.5,245.5,235.8,211.5,193.3,137.5,94.8,127.4,123.3,98.1,80.4,63.4,64.7,72.1,85.0,129.0,187.3,293.8,399.9,410.8,405.2,451.8,469.1,455.7,473.1,460.6,436.9,397.2,363.8,217.2,135.7,125.2,140.7,99.2,84.2
"Mar 12, 16",133.7,146.6,158.0,179.8,207.8,279.5,401.6,431.1,417.6,403.9,385.8,399.6,350.0,304.5,245.5,235.8,211.5,193.3,137.5,94.8,127.4,123.3,98.1,80.4,63.4,64.7,72.1,85.0,129.0,187.3,293.8,399.9,410.8,405.2,451.8,469.1,455.7,473.1,460.6,436.9,397.2,363.8,217.2,135.7,125.2,140.7,99.2,84.2,84.5,85.1,96.1,112.3,121.8,184.0,286.1,421.4,609.4,605.1,571.6,550.3,512.4,448.8,414.1,433.0,435.3,425.5,314.6,262.6,219.8,178.6,144.5,106.0
"Mar 13, 16",63.4,64.7,72.1,85.0,129.0,187.3,293.8,399.9,410.8,405.2,451.8,469.1,455.7,473.1,460.6,436.9,397.2,363.8,217.2,135.7,125.2,140.7,99.2,84.2,84.5,85.1,96.1,112.3,121.8,184.0,286.1,421.4,609.4,605.1,571.6,550.3,512.4,448.8,414.1,433.0,435.3,425.5,314.6,262.6,219.8,178.6,144.5,106.0,60.0,42.2,24.4,39.3,98.4,221.4,364.0,481.4,542.6,580.4,558.6,508.0,480.9,428.5,354.7,356.6,340.5,317.1,219.8,132.4,94.3,72.5,55.0,40.6
"Mar 14, 16",84.5,85.1,96.1,112.3,121.8,184.0,286.1,421.4,609.4,605.1,571.6,550.3,512.4,448.8,414.1,433.0,435.3,425.5,314.6,262.6,219.8,178.6,144.5,106.0,60.0,42.2,24.4,39.3,98.4,221.4,364.0,481.4,542.6,580.4,558.6,508.0,480.9,428.5,354.7,356.6,340.5,317.1,219.8,132.4,94.3,72.5,55.0,40.6,35.7,31.7,59.8,122.1,171.6,268.7,383.2,474.7,570.5,570.4,549.7,539.4,521.4,489.1,465.8,460.5,446.5,379.2,314.0,246.7,226.1,215.9,178.3,126.5
"Mar 15, 16",60.0,42.2,24.4,39.3,98.4,221.4,364.0,481.4,542.6,580.4,558.6,508.0,480.9,428.5,354.7,356.6,340.5,317.1,219.8,132.4,94.3,72.5,55.0,40.6,35.7,31.7,59.8,122.1,171.6,268.7,383.2,474.7,570.5,570.4,549.7,539.4,521.4,489.1,465.8,460.5,446.5,379.2,314.0,246.7,226.1,215.9,178.3,126.5,97.6,77.7,80.5,128.8,240.2,374.9,538.5,590.0,623.3,591.4,620.7,597.7,530.4,570.6,645.7,636.9,567.2,480.7,373.3,307.7,399.7,380.1,208.4,298.9
"Mar 16, 16",35.7,31.7,59.8,122.1,171.6,268.7,383.2,474.7,570.5,570.4,549.7,539.4,521.4,489.1,465.8,460.5,446.5,379.2,314.0,246.7,226.1,215.9,178.3,126.5,97.6,77.7,80.5,128.8,240.2,374.9,538.5,590.0,623.3,591.4,620.7,597.7,530.4,570.6,645.7,636.9,567.2,480.7,373.3,307.7,399.7,380.1,208.4,298.9,289.3,220.8,310.5,271.4,452.6,479.9,506.7,527.4,557.6,548.5,573.0,558.4,587.0,586.5,561.4,540.9,516.1,436.4,351.9,400.7,447.1,406.3,408.5,372.9
"Mar 17, 16",97.6,77.7,80.5,128.8,240.2,374.9,538.5,590.0,623.3,591.4,620.7,597.7,530.4,570.6,645.7,636.9,567.2,480.7,373.3,307.7,399.7,380.1,208.4,298.9,289.3,220.8,310.5,271.4,452.6,479.9,506.7,527.4,557.6,548.5,573.0,558.4,587.0,586.5,561.4,540.9,516.1,436.4,351.9,400.7,447.1,406.3,408.5,372.9,332.8,341.8,336.0,366.8,457.4,513.0,559.8,481.8,475.5,418.9,389.0,406.8,392.6,306.9,309.9,305.8,329.6,261.1,221.5,214.6,202.7,239.3,275.0,232.9
"Mar 18, 16",289.3,220.8,310.5,271.4,452.6,479.9,506.7,527.4,557.6,548.5,573.0,558.4,587.0,586.5,561.4,540.9,516.1,436.4,351.9,400.7,447.1,406.3,408.5,372.9,332.8,341.8,336.0,366.8,457.4,513.0,559.8,481.8,475.5,418.9,389.0,406.8,392.6,306.9,309.9,305.8,329.6,261.1,221.5,214.6,202.7,239.3,275.0,232.9,247.2,215.6,237.0,277.3,298.8,271.9,258.9,314.1,363.1,360.6,333.8,314.5,292.5,312.3,293.4,296.1,317.2,303.4,356.1,416.6,308.0,265.5,247.0,264.1
"Mar 19, 16",332.8,341.8,336.0,366.8,457.4,513.0,559.8,481.8,475.5,418.9,389.0,406.8,392.6,306.9,309.9,305.8,329.6,261.1,221.5,214.6,202.7,239.3,275.0,232.9,247.2,215.6,237.0,277.3,298.8,271.9,258.9,314.1,363.1,360.6,333.8,314.5,292.5,312.3,293.4,296.1,317.2,303.4,356.1,416.6,308.0,265.5,247.0,264.1,230.2,198.4,163.3,107.1,80.2,97.6,104.9,72.6,65.6,74.5,59.1,56.8,62.2,74.7,82.8,95.3,70.7,63.6,68.2,65.1,66.3,85.2,84.2,63.2
"Mar 20, 16",247.2,215.6,237.0,277.3,298.8,271.9,258.9,314.1,363.1,360.6,333.8,314.5,292.5,312.3,293.4,296.1,317.2,303.4,356.1,416.6,308.0,265.5,247.0,264.1,230.2,198.4,163.3,107.1,80.2,97.6,104.9,72.6,65.6,74.5,59.1,56.8,62.2,74.7,82.8,95.3,70.7,63.6,68.2,65.1,66.3,85.2,84.2,63.2,39.3,30.0,36.3,45.0,52.2,80.7,116.5,117.9,94.9,82.7,63.3,94.1,118.7,122.0,134.2,177.8,211.2,202.7,112.4,37.4,28.4,29.3,29.7,20.8
"Mar 21, 16",230.2,198.4,163.3,107.1,80.2,97.6,104.9,72.6,65.6,74.5,59.1,56.8,62.2,74.7,82.8,95.3,70.7,63.6,68.2,65.1,66.3,85.2,84.2,63.2,39.3,30.0,36.3,45.0,52.2,80.7,116.5,117.9,94.9,82.7,63.3,94.1,118.7,122.0,134.2,177.8,211.2,202.7,112.4,37.4,28.4,29.3,29.7,20.8,14.9,16.2,20.0,34.4,44.7,84.1,130.8,182.7,214.0,229.2,225.0,262.4,382.5,387.4,321.9,259.8,203.3,155.6,72.0,27.8,26.4,27.7,46.9,92.1
"Mar 22, 16",39.3,30.0,36.3,45.0,52.2,80.7,116.5,117.9,94.9,82.7,63.3,94.1,118.7,122.0,134.2,177.8,211.2,202.7,112.4,37.4,28.4,29.3,29.7,20.8,14.9,16.2,20.0,34.4,44.7,84.1,130.8,182.7,214.0,229.2,225.0,262.4,382.5,387.4,321.9,259.8,203.3,155.6,72.0,27.8,26.4,27.7,46.9,92.1,169.2,219.9,313.2,412.6,539.8,566.5,575.1,586.3,527.0,468.6,481.1,492.7,446.2,428.2,470.9,491.4,502.8,530.7,535.6,625.1,669.5,701.7,709.7,702.1
"Mar 23, 16",14.9,16.2,20.0,34.4,44.7,84.1,130.8,182.7,214.0,229.2,225.0,262.4,382.5,387.4,321.9,259.8,203.3,155.6,72.0,27.8,26.4,27.7,46.9,92.1,169.2,219.9,313.2,412.6,539.8,566.5,575.1,586.3,527.0,468.6,481.1,492.7,446.2,428.2,470.9,491.4,502.8,530.7,535.6,625.1,669.5,701.7,709.7,702.1,668.6,609.6,618.0,562.3,537.3,574.8,592.5,630.6,584.0,618.7,614.9,605.6,588.1,601.4,592.7,595.3,583.2,609.9,580.6,561.5,589.7,607.8,618.6,624.2
"Mar 24, 16",169.2,219.9,313.2,412.6,539.8,566.5,575.1,586.3,527.0,468.6,481.1,492.7,446.2,428.2,470.9,491.4,502.8,530.7,535.6,625.1,669.5,701.7,709.7,702.1,668.6,609.6,618.0,562.3,537.3,574.8,592.5,630.6,584.0,618.7,614.9,605.6,588.1,601.4,592.7,595.3,583.2,609.9,580.6,561.5,589.7,607.8,618.6,624.2,646.6,670.2,713.5,734.0,708.2,709.5,694.8,649.9,629.5,524.0,511.7,498.4,571.0,593.7,591.0,598.6,591.4,517.1,536.3,521.7,517.1,506.3,510.4,505.4
"Mar 25, 16",668.6,609.6,618.0,562.3,537.3,574.8,592.5,630.6,584.0,618.7,614.9,605.6,588.1,601.4,592.7,595.3,583.2,609.9,580.6,561.5,589.7,607.8,618.6,624.2,646.6,670.2,713.5,734.0,708.2,709.5,694.8,649.9,629.5,524.0,511.7,498.4,571.0,593.7,591.0,598.6,591.4,517.1,536.3,521.7,517.1,506.3,510.4,505.4,480.7,479.0,536.6,550.1,515.3,518.6,446.9,390.4,344.3,314.4,300.5,218.4,184.4,208.0,289.3,309.9,295.3,285.4,250.4,235.0,238.1,284.7,356.2,409.0
"Mar 26, 16",646.6,670.2,713.5,734.0,708.2,709.5,694.8,649.9,629.5,524.0,511.7,498.4,571.0,593.7,591.0,598.6,591.4,517.1,536.3,521.7,517.1,506.3,510.4,505.4,480.7,479.0,536.6,550.1,515.3,518.6,446.9,390.4,344.3,314.4,300.5,218.4,184.4,208.0,289.3,309.9,295.3,285.4,250.4,235.0,238.1,284.7,356.2,409.0,417.5,407.1,358.9,280.5,225.6,187.1,149.9,131.3,108.1,106.3,121.0,133.2,117.5,107.2,108.0,127.0,148.8,137.1,155.3,143.7,142.3,160.5,161.2,152.9
"Mar 27, 16",480.7,479.0,536.6,550.1,515.3,518.6,446.9,390.4,344.3,314.4,300.5,218.4,184.4,208.0,289.3,309.9,295.3,285.4,250.4,235.0,238.1,284.7,356.2,409.0,417.5,407.1,358.9,280.5,225.6,187.1,149.9,131.3,108.1,106.3,121.0,133.2,117.5,107.2,108.0,127.0,148.8,137.1,155.3,143.7,142.3,160.5,161.2,152.9,118.9,89.0,59.2,37.2,42.8,56.3,54.2,53.8,46.9,39.8,36.5,28.5,26.4,18.2,12.2,7.3,7.1,5.9,6.9,3.4,2.5,4.6,3.7,7.7
"Mar 28, 16",417.5,407.1,358.9,280.5,225.6,187.1,149.9,131.3,108.1,106.3,121.0,133.2,117.5,107.2,108.0,127.0,148.8,137.1,155.3,143.7,142.3,160.5,161.2,152.9,118.9,89.0,59.2,37.2,42.8,56.3,54.2,53.8,46.9,39.8,36.5,28.5,26.4,18.2,12.2,7.3,7.1,5.9,6.9,3.4,2.5,4.6,3.7,7.7,6.9,16.7,30.7,43.0,65.6,106.0,155.4,247.5,361.6,423.6,488.4,492.4,483.7,455.0,446.3,405.6,303.5,226.7,166.1,81.1,49.5,33.5,32.4,23.8
"Mar 29, 16",118.9,89.0,59.2,37.2,42.8,56.3,54.2,53.8,46.9,39.8,36.5,28.5,26.4,18.2,12.2,7.3,7.1,5.9,6.9,3.4,2.5,4.6,3.7,7.7,6.9,16.7,30.7,43.0,65.6,106.0,155.4,247.5,361.6,423.6,488.4,492.4,483.7,455.0,446.3,405.6,303.5,226.7,166.1,81.1,49.5,33.5,32.4,23.8,16.2,37.7,64.7,102.8,165.0,308.4,350.2,438.6,457.5,446.0,484.4,490.4,476.0,475.3,473.4,403.7,352.4,297.6,218.9,198.3,229.8,256.8,294.8,288.0
"Mar 30, 16",6.9,16.7,30.7,43.0,65.6,106.0,155.4,247.5,361.6,423.6,488.4,492.4,483.7,455.0,446.3,405.6,303.5,226.7,166.1,81.1,49.5,33.5,32.4,23.8,16.2,37.7,64.7,102.8,165.0,308.4,350.2,438.6,457.5,446.0,484.4,490.4,476.0,475.3,473.4,403.7,352.4,297.6,218.9,198.3,229.8,256.8,294.8,288.0,275.4,291.9,283.5,244.2,406.6,408.3,388.0,353.9,411.2,421.9,427.9,447.6,420.7,428.7,344.4,386.2,447.1,426.6,393.4,294.0,204.3,119.7,111.1,150.3
"Mar 31, 16",16.2,37.7,64.7,102.8,165.0,308.4,350.2,438.6,457.5,446.0,484.4,490.4,476.0,475.3,473.4,403.7,352.4,297.6,218.9,198.3,229.8,256.8,294.8,288.0,275.4,291.9,283.5,244.2,406.6,408.3,388.0,353.9,411.2,421.9,427.9,447.6,420.7,428.7,344.4,386.2,447.1,426.6,393.4,294.0,204.3,119.7,111.1,150.3,152.5,112.9,94.4,62.2,63.4,95.9,144.3,167.7,173.0,206.9,246.5,213.6,214.1,206.6,144.2,140.8,143.6,174.3,143.4,135.9,91.4,55.0,58.8,26.3
"Apr 1, 16",275.4,291.9,283.5,244.2,406.6,408.3,388.0,353.9,411.2,421.9,427.9,447.6,420.7,428.7,344.4,386.2,447.1,426.6,393.4,294.0,204.3,119.7,111.1,150.3,152.5,112.9,94.4,62.2,63.4,95.9,144.3,167.7,173.0,206.9,246.5,213.6,214.1,206.6,144.2,140.8,143.6,174.3,143.4,135.9,91.4,55.0,58.8,26.3,30.7,62.3,104.0,156.1,158.5,240.4,317.4,378.2,389.7,503.8,423.8,396.7,396.1,471.2,532.7,496.6,478.9,508.5,502.4,558.6,570.8,460.9,544.2,596.6
"Apr 2, 16",152.5,112.9,94.4,62.2,63.4,95.9,144.3,167.7,173.0,206.9,246.5,213.6,214.1,206.6,144.2,140.8,143.6,174.3,143.4,135.9,91.4,55.0,58.8,26.3,30.7,62.3,104.0,156.1,158.5,240.4,317.4,378.2,389.7,503.8,423.8,396.7,396.1,471.2,532.7,496.6,478.9,508.5,502.4,558.6,570.8,460.9,544.2,596.6,655.5,630.3,581.2,610.0,568.5,588.1,597.7,574.5,532.1,493.7,399.5,371.4,331.1,273.3,202.2,161.6,165.7,177.7,176.7,183.9,221.9,167.5,153.2,128.3
"Apr 3, 16",30.7,62.3,104.0,156.1,158.5,240.4,317.4,378.2,389.7,503.8,423.8,396.7,396.1,471.2,532.7,496.6,478.9,508.5,502.4,558.6,570.8,460.9,544.2,596.6,655.5,630.3,581.2,610.0,568.5,588.1,597.7,574.5,532.1,493.7,399.5,371.4,331.1,273.3,202.2,161.6,165.7,177.7,176.7,183.9,221.9,167.5,153.2,128.3,67.0,53.7,56.4,42.8,65.9,88.1,133.8,136.9,137.9,152.0,125.5,119.3,113.6,149.7,164.7,130.2,131.8,259.0,358.2,388.3,308.9,292.3,202.2,160.5
"Apr 4, 16",655.5,630.3,581.2,610.0,568.5,588.1,597.7,574.5,532.1,493.7,399.5,371.4,331.1,273.3,202.2,161.6,165.7,177.7,176.7,183.9,221.9,167.5,153.2,128.3,67.0,53.7,56.4,42.8,65.9,88.1,133.8,136.9,137.9,152.0,125.5,119.3,113.6,149.7,164.7,130.2,131.8,259.0,358.2,388.3,308.9,292.3,202.2,160.5,205.6,345.6,355.6,412.4,415.8,354.8,252.9,161.0,100.0,122.8,120.7,77.6,81.4,68.4,61.5,59.9,53.9,45.0,50.0,62.8,82.0,68.8,49.3,47.3
"Apr 5, 16",67.0,53.7,56.4,42.8,65.9,88.1,133.8,136.9,137.9,152.0,125.5,119.3,113.6,149.7,164.7,130.2,131.8,259.0,358.2,388.3,308.9,292.3,202.2,160.5,205.6,345.6,355.6,412.4,415.8,354.8,252.9,161.0,100.0,122.8,120.7,77.6,81.4,68.4,61.5,59.9,53.9,45.0,50.0,62.8,82.0,68.8,49.3,47.3,40.6,103.9,129.5,131.7,143.3,222.2,281.6,295.2,213.9,260.3,341.0,320.4,277.8,210.1,261.4,241.4,277.5,408.0,186.3,175.2,250.1,266.7,201.3,185.8
"Apr 6, 16",205.6,345.6,355.6,412.4,415.8,354.8,252.9,161.0,100.0,122.8,120.7,77.6,81.4,68.4,61.5,59.9,53.9,45.0,50.0,62.8,82.0,68.8,49.3,47.3,40.6,103.9,129.5,131.7,143.3,222.2,281.6,295.2,213.9,260.3,341.0,320.4,277.8,210.1,261.4,241.4,277.5,408.0,186.3,175.2,250.1,266.7,201.3,185.8,142.1,135.7,147.8,161.6,127.7,189.1,216.0,158.8,135.2,191.8,182.1,193.4,184.5,159.1,158.8,134.1,114.9,174.0,127.3,85.3,79.8,124.5,184.9,246.0
"Apr 7, 16",40.6,103.9,129.5,131.7,143.3,222.2,281.6,295.2,213.9,260.3,341.0,320.4,277.8,210.1,261.4,241.4,277.5,408.0,186.3,175.2,250.1,266.7,201.3,185.8,142.1,135.7,147.8,161.6,127.7,189.1,216.0,158.8,135.2,191.8,182.1,193.4,184.5,159.1,158.8,134.1,114.9,174.0,127.3,85.3,79.8,124.5,184.9,246.0,351.4,408.0,407.7,476.4,487.8,607.8,570.3,559.0,548.7,534.8,445.1,460.5,485.5,538.6,469.2,479.7,523.3,525.0,488.6,476.2,507.8,470.6,432.8,403.7
"Apr 8, 16",142.1,135.7,147.8,161.6,127.7,189.1,216.0,158.8,135.2,191.8,182.1,193.4,184.5,159.1,158.8,134.1,114.9,174.0,127.3,85.3,79.8,124.5,184.9,246.0,351.4,408.0,407.7,476.4,487.8,607.8,570.3,559.0,548.7,534.8,445.1,460.5,485.5,538.6,469.2,479.7,523.3,525.0,488.6,476.2,507.8,470.6,432.8,403.7,373.8,406.9,464.8,517.7,605.1,591.8,576.9,562.3,561.6,473.6,460.2,491.1,487.0,414.2,397.4,370.3,402.4,419.2,392.7,387.6,370.8,369.8,355.7,343.0
"Apr 9, 16",351.4,408.0,407.7,476.4,487.8,607.8,570.3,559.0,548.7,534.8,445.1,460.5,485.5,538.6,469.2,479.7,523.3,525.0,488.6,476.2,507.8,470.6,432.8,403.7,373.8,406.9,464.8,517.7,605.1,591.8,576.9,562.3,561.6,473.6,460.2,491.1,487.0,414.2,397.4,370.3,402.4,419.2,392.7,387.6,370.8,369.8,355.7,343.0,361.0,364.8,412.4,430.0,454.7,464.6,462.2,429.1,423.4,447.3,394.3,364.4,393.7,451.6,452.1,455.3,497.5,495.4,482.8,561.5,613.6,624.2,608.1,591.3
"Apr 10, 16",373.8,406.9,464.8,517.7,605.1,591.8,576.9,562.3,561.6,473.6,460.2,491.1,487.0,414.2,397.4,370.3,402.4,419.2,392.7,387.6,370.8,369.8,355.7,343.0,361.0,364.8,412.4,430.0,454.7,464.6,462.2,429.1,423.4,447.3,394.3,364.4,393.7,451.6,452.1,455.3,497.5,495.4,482.8,561.5,613.6,624.2,608.1,591.3,594.4,617.3,581.5,593.1,577.6,601.7,597.1,600.8,552.2,467.3,381.1,347.4,313.0,294.5,361.2,434.7,467.2,312.9,254.9,230.4,214.6,145.3,104.5,117.2
"Apr 11, 16",361.0,364.8,412.4,430.0,454.7,464.6,462.2,429.1,423.4,447.3,394.3,364.4,393.7,451.6,452.1,455.3,497.5,495.4,482.8,561.5,613.6,624.2,608.1,591.3,594.4,617.3,581.5,593.1,577.6,601.7,597.1,600.8,552.2,467.3,381.1,347.4,313.0,294.5,361.2,434.7,467.2,312.9,254.9,230.4,214.6,145.3,104.5,117.2,100.1,133.0,167.7,178.9,205.9,174.5,144.1,176.3,190.0,221.0,192.5,180.4,174.4,207.8,242.5,232.4,201.0,170.1,127.5,93.0,72.7,51.7,53.4,57.2
"Apr 12, 16",594.4,617.3,581.5,593.1,577.6,601.7,597.1,600.8,552.2,467.3,381.1,347.4,313.0,294.5,361.2,434.7,467.2,312.9,254.9,230.4,214.6,145.3,104.5,117.2,100.1,133.0,167.7,178.9,205.9,174.5,144.1,176.3,190.0,221.0,192.5,180.4,174.4,207.8,242.5,232.4,201.0,170.1,127.5,93.0,72.7,51.7,53.4,57.2,34.9,43.8,52.4,73.1,103.9,171.6,262.6,331.2,398.0,456.7,516.5,492.9,458.1,470.2,463.3,469.2,465.3,506.4,534.6,481.4,526.2,621.9,602.1,533.6
"Apr 13, 16",100.1,133.0,167.7,178.9,205.9,174.5,144.1,176.3,190.0,221.0,192.5,180.4,174.4,207.8,242.5,232.4,201.0,170.1,127.5,93.0,72.7,51.7,53.4,57.2,34.9,43.8,52.4,73.1,103.9,171.6,262.6,331.2,398.0,456.7,516.5,492.9,458.1,470.2,463.3,469.2,465.3,506.4,534.6,481.4,526.2,621.9,602.1,533.6,407.7,438.1,462.9,497.7,441.1,397.3,415.7,493.7,491.0,396.1,433.8,425.9,349.2,366.5,391.3,422.3,441.8,418.2,394.1,370.9,360.9,385.3,312.8,269.5
"Apr 14, 16",34.9,43.8,52.4,73.1,103.9,171.6,262.6,331.2,398.0,456.7,516.5,492.9,458.1,470.2,463.3,469.2,465.3,506.4,534.6,481.4,526.2,621.9,602.1,533.6,407.7,438.1,462.9,497.7,441.1,397.3,415.7,493.7,491.0,396.1,433.8,425.9,349.2,366.5,391.3,422.3,441.8,418.2,394.1,370.9,360.9,385.3,312.8,269.5,315.1,341.1,430.4,529.3,562.9,572.2,532.9,435.8,390.6,378.4,356.8,414.9,478.2,410.3,404.1,392.6,311.3,308.0,246.2,155.0,156.1,269.5,234.0,226.0
"Apr 15, 16",407.7,438.1,462.9,497.7,441.1,397.3,415.7,493.7,491.0,396.1,433.8,425.9,349.2,366.5,391.3,422.3,441.8,418.2,394.1,370.9,360.9,385.3,312.8,269.5,315.1,341.1,430.4,529.3,562.9,572.2,532.9,435.8,390.6,378.4,356.8,414.9,478.2,410.3,404.1,392.6,311.3,308.0,246.2,155.0,156.1,269.5,234.0,226.0,215.6,242.4,457.1,537.8,646.7,625.9,599.7,589.2,588.3,589.9,591.5,534.2,498.8,445.4,435.5,463.7,522.9,548.1,547.8,545.6,550.6,552.4,577.4,597.2
"Apr 16, 16",315.1,341.1,430.4,529.3,562.9,572.2,532.9,435.8,390.6,378.4,356.8,414.9,478.2,410.3,404.1,392.6,311.3,308.0,246.2,155.0,156.1,269.5,234.0,226.0,215.6,242.4,457.1,537.8,646.7,625.9,599.7,589.2,588.3,589.9,591.5,534.2,498.8,445.4,435.5,463.7,522.9,548.1,547.8,545.6,550.6,552.4,577.4,597.2,590.8,557.8,544.0,486.9,413.0,405.1,378.1,313.8,223.4,288.0,392.5,334.2,322.6,262.6,278.1,285.7,320.7,317.4,273.7,255.8,240.0,268.5,281.5,242.9
"Apr 17, 16",215.6,242.4,457.1,537.8,646.7,625.9,599.7,589.2,588.3,589.9,591.5,534.2,498.8,445.4,435.5,463.7,522.9,548.1,547.8,545.6,550.6,552.4,577.4,597.2,590.8,557.8,544.0,486.9,413.0,405.1,378.1,313.8,223.4,288.0,392.5,334.2,322.6,262.6,278.1,285.7,320.7,317.4,273.7,255.8,240.0,268.5,281.5,242.9,246.6,242.7,262.6,435.4,559.8,641.4,571.0,422.5,330.2,310.4,288.4,238.4,208.1,218.2,134.1,76.5,76.8,61.0,43.6,34.8,23.3,39.4,32.1,33.3
"Apr 18, 16",590.8,557.8,544.0,486.9,413.0,405.1,378.1,313.8,223.4,288.0,392.5,334.2,322.6,262.6,278.1,285.7,320.7,317.4,273.7,255.8,240.0,268.5,281.5,242.9,246.6,242.7,262.6,435.4,559.8,641.4,571.0,422.5,330.2,310.4,288.4,238.4,208.1,218.2,134.1,76.5,76.8,61.0,43.6,34.8,23.3,39.4,32.1,33.3,61.7,63.0,72.3,75.0,127.0,132.2,211.9,348.7,383.6,312.7,204.1,202.4,241.4,180.5,176.3,149.1,94.0,70.5,96.2,95.0,141.2,166.6,252.8,193.7
"Apr 19, 16",246.6,242.7,262.6,435.4,559.8,641.4,571.0,422.5,330.2,310.4,288.4,238.4,208.1,218.2,134.1,76.5,76.8,61.0,43.6,34.8,23.3,39.4,32.1,33.3,61.7,63.0,72.3,75.0,127.0,132.2,211.9,348.7,383.6,312.7,204.1,202.4,241.4,180.5,176.3,149.1,94.0,70.5,96.2,95.0,141.2,166.6,252.8,193.7,192.6,191.4,250.3,238.5,178.1,220.7,266.6,268.1,258.9,211.3,162.1,134.6,104.8,136.0,178.6,249.0,361.6,404.2,413.6,340.2,374.2,327.6,280.5,301.6
"Apr 20, 16",61.7,63.0,72.3,75.0,127.0,132.2,211.9,348.7,383.6,312.7,204.1,202.4,241.4,180.5,176.3,149.1,94.0,70.5,96.2,95.0,141.2,166.6,252.8,193.7,192.6,191.4,250.3,238.5,178.1,220.7,266.6,268.1,258.9,211.3,162.1,134.6,104.8,136.0,178.6,249.0,361.6,404.2,413.6,340.2,374.2,327.6,280.5,301.6,334.4,370.4,461.2,483.6,539.2,599.6,631.7,646.7,619.3,620.6,597.2,559.6,529.7,431.9,373.4,326.8,308.1,288.8,265.9,228.4,200.5,151.9,145.8,144.4
"Apr 21, 16",192.6,191.4,250.3,238.5,178.1,220.7,266.6,268.1,258.9,211.3,162.1,134.6,104.8,136.0,178.6,249.0,361.6,404.2,413.6,340.2,374.2,327.6,280.5,301.6,334.4,370.4,461.2,483.6,539.2,599.6,631.7,646.7,619.3,620.6,597.2,559.6,529.7,431.9,373.4,326.8,308.1,288.8,265.9,228.4,200.5,151.9,145.8,144.4,174.3,136.9,106.8,81.0,66.1,66.8,63.2,52.4,42.5,46.1,60.4,93.9,92.2,96.1,88.2,136.3,289.2,267.9,165.7,154.4,264.3,294.6,327.2,342.2
"Apr 22, 16",334.4,370.4,461.2,483.6,539.2,599.6,631.7,646.7,619.3,620.6,597.2,559.6,529.7,431.9,373.4,326.8,308.1,288.8,265.9,228.4,200.5,151.9,145.8,144.4,174.3,136.9,106.8,81.0,66.1,66.8,63.2,52.4,42.5,46.1,60.4,93.9,92.2,96.1,88.2,136.3,289.2,267.9,165.7,154.4,264.3,294.6,327.2,342.2,366.8,311.6,299.6,258.8,322.2,471.3,466.3,462.0,560.1,553.8,600.8,693.0,713.9,695.3,694.1,698.7,708.9,690.3,679.3,699.3,688.2,650.2,637.0,624.6
"Apr 23, 16",174.3,136.9,106.8,81.0,66.1,66.8,63.2,52.4,42.5,46.1,60.4,93.9,92.2,96.1,88.2,136.3,289.2,267.9,165.7,154.4,264.3,294.6,327.2,342.2,366.8,311.6,299.6,258.8,322.2,471.3,466.3,462.0,560.1,553.8,600.8,693.0,713.9,695.3,694.1,698.7,708.9,690.3,679.3,699.3,688.2,650.2,637.0,624.6,639.5,705.2,662.5,672.8,699.8,639.6,648.2,620.5,574.3,551.6,571.4,584.9,639.5,661.6,639.6,672.9,669.3,609.0,522.0,519.6,633.0,671.3,701.0,721.2
"Apr 24, 16",366.8,311.6,299.6,258.8,322.2,471.3,466.3,462.0,560.1,553.8,600.8,693.0,713.9,695.3,694.1,698.7,708.9,690.3,679.3,699.3,688.2,650.2,637.0,624.6,639.5,705.2,662.5,672.8,699.8,639.6,648.2,620.5,574.3,551.6,571.4,584.9,639.5,661.6,639.6,672.9,669.3,609.0,522.0,519.6,633.0,671.3,701.0,721.2,700.8,693.0,699.2,603.1,577.5,547.3,556.8,570.0,560.6,548.5,533.1,560.2,530.7,534.4,491.9,462.7,473.1,474.2,473.2,424.8,501.5,513.9,556.4,597.7
"Apr 25, 16",639.5,705.2,662.5,672.8,699.8,639.6,648.2,620.5,574.3,551.6,571.4,584.9,639.5,661.6,639.6,672.9,669.3,609.0,522.0,519.6,633.0,671.3,701.0,721.2,700.8,693.0,699.2,603.1,577.5,547.3,556.8,570.0,560.6,548.5,533.1,560.2,530.7,534.4,491.9,462.7,473.1,474.2,473.2,424.8,501.5,513.9,556.4,597.7,601.2,614.3,603.6,510.4,450.1,431.1,482.2,507.4,467.0,485.4,444.7,419.1,412.3,406.2,349.5,328.1,318.3,245.9,228.1,208.0,293.0,342.5,305.3,247.7
"Apr 26, 16",700.8,693.0,699.2,603.1,577.5,547.3,556.8,570.0,560.6,548.5,533.1,560.2,530.7,534.4,491.9,462.7,473.1,474.2,473.2,424.8,501.5,513.9,556.4,597.7,601.2,614.3,603.6,510.4,450.1,431.1,482.2,507.4,467.0,485.4,444.7,419.1,412.3,406.2,349.5,328.1,318.3,245.9,228.1,208.0,293.0,342.5,305.3,247.7,230.2,217.4,187.4,126.5,82.9,89.4,119.4,110.8,108.9,116.8,127.8,162.4,195.4,251.8,279.0,251.1,237.2,243.0,226.5,130.9,115.3,161.3,207.2,288.8
"Apr 27, 16",601.2,614.3,603.6,510.4,450.1,431.1,482.2,507.4,467.0,485.4,444.7,419.1,412.3,406.2,349.5,328.1,318.3,245.9,228.1,208.0,293.0,342.5,305.3,247.7,230.2,217.4,187.4,126.5,82.9,89.4,119.4,110.8,108.9,116.8,127.8,162.4,195.4,251.8,279.0,251.1,237.2,243.0,226.5,130.9,115.3,161.3,207.2,288.8,367.5,435.1,392.1,391.1,349.1,391.6,353.8,367.4,374.6,406.3,377.3,365.4,344.1,354.3,340.5,354.3,327.6,323.6,305.0,191.3,228.2,177.9,127.0,90.7
"Apr 28, 16",230.2,217.4,187.4,126.5,82.9,89.4,119.4,110.8,108.9,116.8,127.8,162.4,195.4,251.8,279.0,251.1,237.2,243.0,226.5,130.9,115.3,161.3,207.2,288.8,367.5,435.1,392.1,391.1,349.1,391.6,353.8,367.4,374.6,406.3,377.3,365.4,344.1,354.3,340.5,354.3,327.6,323.6,305.0,191.3,228.2,177.9,127.0,90.7,71.9,42.6,29.7,22.8,21.4,20.5,10.8,9.4,5.8,4.3,1.9,5.3,30.1,44.1,76.1,78.6,86.0,98.7,95.3,60.0,64.9,106.7,133.0,123.9
"Apr 29, 16",367.5,435.1,392.1,391.1,349.1,391.6,353.8,367.4,374.6,406.3,377.3,365.4,344.1,354.3,340.5,354.3,327.6,323.6,305.0,191.3,228.2,177.9,127.0,90.7,71.9,42.6,29.7,22.8,21.4,20.5,10.8,9.4,5.8,4.3,1.9,5.3,30.1,44.1,76.1,78.6,86.0,98.7,95.3,60.0,64.9,106.7,133.0,123.9,108.8,78.8,56.7,34.5,32.4,33.6,20.5,49.2,151.4,210.0,217.8,217.2,188.8,188.7,172.4,132.3,96.1,78.0,45.6,38.8,21.9,20.8,19.9,17.7
"Apr 30, 16",71.9,42.6,29.7,22.8,21.4,20.5,10.8,9.4,5.8,4.3,1.9,5.3,30.1,44.1,76.1,78.6,86.0,98.7,95.3,60.0,64.9,106.7,133.0,123.9,108.8,78.8,56.7,34.5,32.4,33.6,20.5,49.2,151.4,210.0,217.8,217.2,188.8,188.7,172.4,132.3,96.1,78.0,45.6,38.8,21.9,20.8,19.9,17.7,18.6,18.3,27.5,36.2,54.8,92.1,153.1,182.6,204.0,235.5,250.9,243.9,218.0,224.4,219.2,235.3,218.2,159.9,111.9,99.0,69.7,48.9,24.2,17.0
"May 1, 16",108.8,78.8,56.7,34.5,32.4,33.6,20.5,49.2,151.4,210.0,217.8,217.2,188.8,188.7,172.4,132.3,96.1,78.0,45.6,38.8,21.9,20.8,19.9,17.7,18.6,18.3,27.5,36.2,54.8,92.1,153.1,182.6,204.0,235.5,250.9,243.9,218.0,224.4,219.2,235.3,218.2,159.9,111.9,99.0,69.7,48.9,24.2,17.0,11.3,7.3,8.6,14.5,57.4,86.1,124.8,149.7,129.8,99.0,78.1,76.2,81.2,82.6,71.1,95.2,95.9,109.9,111.1,65.8,42.7,37.6,15.1,20.6
"May 2, 16",18.6,18.3,27.5,36.2,54.8,92.1,153.1,182.6,204.0,235.5,250.9,243.9,218.0,224.4,219.2,235.3,218.2,159.9,111.9,99.0,69.7,48.9,24.2,17.0,11.3,7.3,8.6,14.5,57.4,86.1,124.8,149.7,129.8,99.0,78.1,76.2,81.2,82.6,71.1,95.2,95.9,109.9,111.1,65.8,42.7,37.6,15.1,20.6,18.3,18.5,6.9,5.3,20.1,38.1,51.5,63.6,60.8,65.2,66.7,82.9,111.3,123.1,104.7,106.1,115.3,121.7,116.8,96.8,73.4,88.9,59.6,47.9
"May 3, 16",11.3,7.3,8.6,14.5,57.4,86.1,124.8,149.7,129.8,99.0,78.1,76.2,81.2,82.6,71.1,95.2,95.9,109.9,111.1,65.8,42.7,37.6,15.1,20.6,18.3,18.5,6.9,5.3,20.1,38.1,51.5,63.6,60.8,65.2,66.7,82.9,111.3,123.1,104.7,106.1,115.3,121.7,116.8,96.8,73.4,88.9,59.6,47.9,44.8,51.4,70.6,151.4,204.9,228.9,155.1,166.1,240.1,214.0,160.1,150.1,154.0,189.4,200.9,243.3,270.2,274.3,217.1,184.2,166.9,185.3,199.2,195.6
"May 4, 16",18.3,18.5,6.9,5.3,20.1,38.1,51.5,63.6,60.8,65.2,66.7,82.9,111.3,123.1,104.7,106.1,115.3,121.7,116.8,96.8,73.4,88.9,59.6,47.9,44.8,51.4,70.6,151.4,204.9,228.9,155.1,166.1,240.1,214.0,160.1,150.1,154.0,189.4,200.9,243.3,270.2,274.3,217.1,184.2,166.9,185.3,199.2,195.6,175.6,173.3,195.6,236.3,331.2,383.4,376.7,376.4,346.3,285.5,271.2,243.8,247.5,256.9,253.6,261.4,251.3,234.4,212.2,152.9,110.8,98.0,87.1,93.1
"May 5, 16",44.8,51.4,70.6,151.4,204.9,228.9,155.1,166.1,240.1,214.0,160.1,150.1,154.0,189.4,200.9,243.3,270.2,274.3,217.1,184.2,166.9,185.3,199.2,195.6,175.6,173.3,195.6,236.3,331.2,383.4,376.7,376.4,346.3,285.5,271.2,243.8,247.5,256.9,253.6,261.4,251.3,234.4,212.2,152.9,110.8,98.0,87.1,93.1,95.3,113.0,127.9,132.0,187.6,243.3,292.6,326.0,338.9,336.5,332.7,329.2,337.3,318.6,282.1,275.7,255.9,287.7,350.6,327.8,203.0,206.3,194.8,238.2
"May 6, 16",175.6,173.3,195.6,236.3,331.2,383.4,376.7,376.4,346.3,285.5,271.2,243.8,247.5,256.9,253.6,261.4,251.3,234.4,212.2,152.9,110.8,98.0,87.1,93.1,95.3,113.0,127.9,132.0,187.6,243.3,292.6,326.0,338.9,336.5,332.7,329.2,337.3,318.6,282.1,275.7,255.9,287.7,350.6,327.8,203.0,206.3,194.8,238.2,201.1,184.7,174.3,176.1,205.2,237.4,311.5,356.7,331.8,356.6,358.8,325.0,284.0,231.9,213.8,213.2,176.2,135.3,128.0,83.5,51.2,50.8,55.9,70.9
"May 7, 16",95.3,113.0,127.9,132.0,187.6,243.3,292.6,326.0,338.9,336.5,332.7,329.2,337.3,318.6,282.1,275.7,255.9,287.7,350.6,327.8,203.0,206.3,194.8,238.2,201.1,184.7,174.3,176.1,205.2,237.4,311.5,356.7,331.8,356.6,358.8,325.0,284.0,231.9,213.8,213.2,176.2,135.3,128.0,83.5,51.2,50.8,55.9,70.9,86.6,95.5,93.5,88.3,98.0,110.3,145.7,139.2,113.4,107.0,80.9,69.8,78.5,62.8,65.4,62.1,54.4,73.6,101.6,127.4,133.9,165.5,229.6,244.3
"May 8, 16",201.1,184.7,174.3,176.1,205.2,237.4,311.5,356.7,331.8,356.6,358.8,325.0,284.0,231.9,213.8,213.2,176.2,135.3,128.0,83.5,51.2,50.8,55.9,70.9,86.6,95.5,93.5,88.3,98.0,110.3,145.7,139.2,113.4,107.0,80.9,69.8,78.5,62.8,65.4,62.1,54.4,73.6,101.6,127.4,133.9,165.5,229.6,244.3,262.6,268.2,378.1,344.1,386.5,395.3,411.2,410.0,355.8,342.2,341.0,315.0,328.6,357.8,347.4,309.8,265.0,195.5,175.8,171.7,110.7,127.5,119.3,144.0
"May 9, 16",86.6,95.5,93.5,88.3,98.0,110.3,145.7,139.2,113.4,107.0,80.9,69.8,78.5,62.8,65.4,62.1,54.4,73.6,101.6,127.4,133.9,165.5,229.6,244.3,262.6,268.2,378.1,344.1,386.5,395.3,411.2,410.0,355.8,342.2,341.0,315.0,328.6,357.8,347.4,309.8,265.0,195.5,175.8,171.7,110.7,127.5,119.3,144.0,147.7,161.4,166.4,172.1,204.2,228.9,252.1,248.6,208.2,219.5,198.4,177.2,145.5,144.2,159.7,147.4,148.8,165.4,163.8,145.6,97.2,86.6,71.3,81.6
"May 10, 16",262.6,268.2,378.1,344.1,386.5,395.3,411.2,410.0,355.8,342.2,341.0,315.0,328.6,357.8,347.4,309.8,265.0,195.5,175.8,171.7,110.7,127.5,119.3,144.0,147.7,161.4,166.4,172.1,204.2,228.9,252.1,248.6,208.2,219.5,198.4,177.2,145.5,144.2,159.7,147.4,148.8,165.4,163.8,145.6,97.2,86.6,71.3,81.6,94.4,108.1,103.1,116.5,160.3,198.0,216.1,237.9,238.3,224.3,198.7,203.6,166.1,177.2,183.5,150.9,124.2,114.6,112.1,54.1,41.5,39.7,34.0,33.0
"May 11, 16",147.7,161.4,166.4,172.1,204.2,228.9,252.1,248.6,208.2,219.5,198.4,177.2,145.5,144.2,159.7,147.4,148.8,165.4,163.8,145.6,97.2,86.6,71.3,81.6,94.4,108.1,103.1,116.5,160.3,198.0,216.1,237.9,238.3,224.3,198.7,203.6,166.1,177.2,183.5,150.9,124.2,114.6,112.1,54.1,41.5,39.7,34.0,33.0,28.9,27.8,41.7,67.2,124.4,177.4,178.3,194.2,236.7,301.9,303.4,291.4,346.8,382.0,377.3,334.7,306.7,289.3,250.0,196.0,263.9,201.8,188.5,170.4
"May 12, 16",94.4,108.1,103.1,116.5,160.3,198.0,216.1,237.9,238.3,224.3,198.7,203.6,166.1,177.2,183.5,150.9,124.2,114.6,112.1,54.1,41.5,39.7,34.0,33.0,28.9,27.8,41.7,67.2,124.4,177.4,178.3,194.2,236.7,301.9,303.4,291.4,346.8,382.0,377.3,334.7,306.7,289.3,250.0,196.0,263.9,201.8,188.5,170.4,158.0,167.3,185.3,192.7,153.4,123.9,213.9,250.6,363.8,440.0,302.3,260.2,182.6,83.2,94.4,105.4,111.5,163.3,227.7,173.9,272.9,340.1,430.1,398.3
"May 13, 16",28.9,27.8,41.7,67.2,124.4,177.4,178.3,194.2,236.7,301.9,303.4,291.4,346.8,382.0,377.3,334.7,306.7,289.3,250.0,196.0,263.9,201.8,188.5,170.4,158.0,167.3,185.3,192.7,153.4,123.9,213.9,250.6,363.8,440.0,302.3,260.2,182.6,83.2,94.4,105.4,111.5,163.3,227.7,173.9,272.9,340.1,430.1,398.3,437.4,525.6,583.8,625.0,657.2,696.0,682.2,675.0,639.8,647.5,610.4,628.4,615.6,608.3,592.7,617.1,650.7,621.8,589.8,646.9,632.1,613.2,586.5,629.6
"May 14, 16",158.0,167.3,185.3,192.7,153.4,123.9,213.9,250.6,363.8,440.0,302.3,260.2,182.6,83.2,94.4,105.4,111.5,163.3,227.7,173.9,272.9,340.1,430.1,398.3,437.4,525.6,583.8,625.0,657.2,696.0,682.2,675.0,639.8,647.5,610.4,628.4,615.6,608.3,592.7,617.1,650.7,621.8,589.8,646.9,632.1,613.2,586.5,629.6,632.4,621.9,583.1,533.2,553.5,530.5,494.4,480.0,480.1,491.5,526.9,526.6,532.7,545.7,563.3,562.8,545.1,524.6,470.4,409.5,469.8,452.1,431.2,409.3
"May 15, 16",437.4,525.6,583.8,625.0,657.2,696.0,682.2,675.0,639.8,647.5,610.4,628.4,615.6,608.3,592.7,617.1,650.7,621.8,589.8,646.9,632.1,613.2,586.5,629.6,632.4,621.9,583.1,533.2,553.5,530.5,494.4,480.0,480.1,491.5,526.9,526.6,532.7,545.7,563.3,562.8,545.1,524.6,470.4,409.5,469.8,452.1,431.2,409.3,391.4,382.1,355.6,332.0,313.1,371.4,405.8,444.1,414.1,404.7,427.6,415.7,399.3,345.6,289.6,250.2,235.3,228.0,208.4,117.4,90.8,99.2,101.1,86.7
"May 16, 16",632.4,621.9,583.1,533.2,553.5,530.5,494.4,480.0,480.1,491.5,526.9,526.6,532.7,545.7,563.3,562.8,545.1,524.6,470.4,409.5,469.8,452.1,431.2,409.3,391.4,382.1,355.6,332.0,313.1,371.4,405.8,444.1,414.1,404.7,427.6,415.7,399.3,345.6,289.6,250.2,235.3,228.0,208.4,117.4,90.8,99.2,101.1,86.7,101.4,118.7,120.2,135.9,166.2,138.3,121.8,106.8,102.1,92.3,87.0,94.0,86.0,80.6,88.2,89.0,87.5,104.2,112.0,85.8,41.3,36.6,22.3,14.7
"May 17, 16",391.4,382.1,355.6,332.0,313.1,371.4,405.8,444.1,414.1,404.7,427.6,415.7,399.3,345.6,289.6,250.2,235.3,228.0,208.4,117.4,90.8,99.2,101.1,86.7,101.4,118.7,120.2,135.9,166.2,138.3,121.8,106.8,102.1,92.3,87.0,94.0,86.0,80.6,88.2,89.0,87.5,104.2,112.0,85.8,41.3,36.6,22.3,14.7,17.3,27.0,48.8,73.0,138.0,173.7,252.5,295.9,296.4,243.6,245.2,291.1,284.5,214.3,163.5,149.0,125.8,126.2,131.1,101.6,87.9,131.2,192.2,213.9
"May 18, 16",101.4,118.7,120.2,135.9,166.2,138.3,121.8,106.8,102.1,92.3,87.0,94.0,86.0,80.6,88.2,89.0,87.5,104.2,112.0,85.8,41.3,36.6,22.3,14.7,17.3,27.0,48.8,73.0,138.0,173.7,252.5,295.9,296.4,243.6,245.2,291.1,284.5,214.3,163.5,149.0,125.8,126.2,131.1,101.6,87.9,131.2,192.2,213.9,211.3,253.7,264.1,282.7,362.3,393.2,397.3,400.0,351.9,337.4,310.6,341.8,373.5,331.2,332.7,318.7,307.9,272.3,223.0,162.4,114.0,108.1,91.5,88.1
"May 19, 16",17.3,27.0,48.8,73.0,138.0,173.7,252.5,295.9,296.4,243.6,245.2,291.1,284.5,214.3,163.5,149.0,125.8,126.2,131.1,101.6,87.9,131.2,192.2,213.9,211.3,253.7,264.1,282.7,362.3,393.2,397.3,400.0,351.9,337.4,310.6,341.8,373.5,331.2,332.7,318.7,307.9,272.3,223.0,162.4,114.0,108.1,91.5,88.1,102.2,98.4,104.2,128.7,154.7,203.5,231.1,161.8,150.2,131.0,116.7,117.0,116.0,134.4,139.0,144.6,165.9,190.5,203.2,147.5,156.2,187.6,199.4,195.1
"May 20, 16",211.3,253.7,264.1,282.7,362.3,393.2,397.3,400.0,351.9,337.4,310.6,341.8,373.5,331.2,332.7,318.7,307.9,272.3,223.0,162.4,114.0,108.1,91.5,88.1,102.2,98.4,104.2,128.7,154.7,203.5,231.1,161.8,150.2,131.0,116.7,117.0,116.0,134.4,139.0,144.6,165.9,190.5,203.2,147.5,156.2,187.6,199.4,195.1,222.8,265.6,370.1,376.6,310.9,304.4,327.6,311.9,295.4,282.0,226.7,228.2,230.9,234.0,250.7,250.1,228.9,168.1,124.6,64.0,25.5,31.2,37.7,36.1
"May 21, 16",102.2,98.4,104.2,128.7,154.7,203.5,231.1,161.8,150.2,131.0,116.7,117.0,116.0,134.4,139.0,144.6,165.9,190.5,203.2,147.5,156.2,187.6,199.4,195.1,222.8,265.6,370.1,376.6,310.9,304.4,327.6,311.9,295.4,282.0,226.7,228.2,230.9,234.0,250.7,250.1,228.9,168.1,124.6,64.0,25.5,31.2,37.7,36.1,26.5,27.5,22.0,18.0,16.0,4.4,9.6,49.1,61.4,70.1,61.0,69.0,87.1,93.6,103.5,119.7,145.7,165.3,186.8,136.0,73.9,92.9,131.9,134.2
"May 22, 16",222.8,265.6,370.1,376.6,310.9,304.4,327.6,311.9,295.4,282.0,226.7,228.2,230.9,234.0,250.7,250.1,228.9,168.1,124.6,64.0,25.5,31.2,37.7,36.1,26.5,27.5,22.0,18.0,16.0,4.4,9.6,49.1,61.4,70.1,61.0,69.0,87.1,93.6,103.5,119.7,145.7,165.3,186.8,136.0,73.9,92.9,131.9,134.2,128.8,142.2,155.8,199.1,315.5,392.6,444.0,581.5,555.4,592.3,553.5,529.9,475.3,488.2,496.8,517.2,508.6,437.5,380.7,289.4,208.1,99.7,61.7,37.7
"May 23, 16",26.5,27.5,22.0,18.0,16.0,4.4,9.6,49.1,61.4,70.1,61.0,69.0,87.1,93.6,103.5,119.7,145.7,165.3,186.8,136.0,73.9,92.9,131.9,134.2,128.8,142.2,155.8,199.1,315.5,392.6,444.0,581.5,555.4,592.3,553.5,529.9,475.3,488.2,496.8,517.2,508.6,437.5,380.7,289.4,208.1,99.7,61.7,37.7,27.1,19.1,22.3,54.5,129.5,148.6,133.8,134.3,125.7,102.3,85.2,66.3,50.8,43.3,70.4,132.3,170.3,196.5,187.2,211.8,260.5,222.4,219.4,216.9
"May 24, 16",128.8,142.2,155.8,199.1,315.5,392.6,444.0,581.5,555.4,592.3,553.5,529.9,475.3,488.2,496.8,517.2,508.6,437.5,380.7,289.4,208.1,99.7,61.7,37.7,27.1,19.1,22.3,54.5,129.5,148.6,133.8,134.3,125.7,102.3,85.2,66.3,50.8,43.3,70.4,132.3,170.3,196.5,187.2,211.8,260.5,222.4,219.4,216.9,214.2,213.1,182.5,205.2,244.5,255.4,250.5,263.3,315.8,346.3,347.6,331.8,290.6,278.1,266.6,258.0,274.6,255.2,264.5,284.4,279.3,271.7,298.4,250.9
"May 25, 16",27.1,19.1,22.3,54.5,129.5,148.6,133.8,134.3,125.7,102.3,85.2,66.3,50.8,43.3,70.4,132.3,170.3,196.5,187.2,211.8,260.5,222.4,219.4,216.9,214.2,213.1,182.5,205.2,244.5,255.4,250.5,263.3,315.8,346.3,347.6,331.8,290.6,278.1,266.6,258.0,274.6,255.2,264.5,284.4,279.3,271.7,298.4,250.9,278.1,326.2,318.0,333.8,395.7,451.1,485.6,509.0,488.9,496.2,511.4,536.3,528.3,487.3,476.8,443.4,459.3,508.4,533.1,490.5,484.7,485.3,488.7,449.1
"May 26, 16",214.2,213.1,182.5,205.2,244.5,255.4,250.5,263.3,315.8,346.3,347.6,331.8,290.6,278.1,266.6,258.0,274.6,255.2,264.5,284.4,279.3,271.7,298.4,250.9,278.1,326.2,318.0,333.8,395.7,451.1,485.6,509.0,488.9,496.2,511.4,536.3,528.3,487.3,476.8,443.4,459.3,508.4,533.1,490.5,484.7,485.3,488.7,449.1,403.3,447.9,517.3,565.4,617.4,623.4,613.9,618.5,594.0,524.1,441.7,387.6,391.6,423.0,391.1,380.2,337.8,304.2,276.6,243.5,224.1,198.1,213.2,202.8
"May 27, 16",278.1,326.2,318.0,333.8,395.7,451.1,485.6,509.0,488.9,496.2,511.4,536.3,528.3,487.3,476.8,443.4,459.3,508.4,533.1,490.5,484.7,485.3,488.7,449.1,403.3,447.9,517.3,565.4,617.4,623.4,613.9,618.5,594.0,524.1,441.7,387.6,391.6,423.0,391.1,380.2,337.8,304.2,276.6,243.5,224.1,198.1,213.2,202.8,174.9,185.3,193.6,224.8,225.0,206.1,210.1,257.9,270.6,261.8,235.3,234.9,256.3,289.0,404.5,486.6,564.5,605.4,565.7,558.8,558.2,561.5,592.4,598.0
"May 28, 16",403.3,447.9,517.3,565.4,617.4,623.4,613.9,618.5,594.0,524.1,441.7,387.6,391.6,423.0,391.1,380.2,337.8,304.2,276.6,243.5,224.1,198.1,213.2,202.8,174.9,185.3,193.6,224.8,225.0,206.1,210.1,257.9,270.6,261.8,235.3,234.9,256.3,289.0,404.5,486.6,564.5,605.4,565.7,558.8,558.2,561.5,592.4,598.0,605.9,613.5,621.2,570.7,581.3,626.0,625.3,606.5,615.5,522.0,327.8,226.5,226.1,223.4,227.7,227.4,221.4,394.5,389.9,481.5,509.1,546.8,568.0,567.2
"May 29, 16",174.9,185.3,193.6,224.8,225.0,206.1,210.1,257.9,270.6,261.8,235.3,234.9,256.3,289.0,404.5,486.6,564.5,605.4,565.7,558.8,558.2,561.5,592.4,598.0,605.9,613.5,621.2,570.7,581.3,626.0,625.3,606.5,615.5,522.0,327.8,226.5,226.1,223.4,227.7,227.4,221.4,394.5,389.9,481.5,509.1,546.8,568.0,567.2,512.3,474.2,455.8,559.2,547.4,558.4,558.9,612.9,620.6,649.2,588.5,485.5,490.7,482.1,374.5,345.3,336.3,358.3,403.5,503.4,556.2,582.7,602.4,604.6
"May 30, 16",605.9,613.5,621.2,570.7,581.3,626.0,625.3,606.5,615.5,522.0,327.8,226.5,226.1,223.4,227.7,227.4,221.4,394.5,389.9,481.5,509.1,546.8,568.0,567.2,512.3,474.2,455.8,559.2,547.4,558.4,558.9,612.9,620.6,649.2,588.5,485.5,490.7,482.1,374.5,345.3,336.3,358.3,403.5,503.4,556.2,582.7,602.4,604.6,587.9,567.8,545.9,493.1,533.0,576.7,597.5,591.0,564.8,578.8,557.8,491.8,459.2,509.6,507.5,486.4,447.2,435.0,434.6,340.1,339.3,372.6,489.1,608.3
"May 31, 16",512.3,474.2,455.8,559.2,547.4,558.4,558.9,612.9,620.6,649.2,588.5,485.5,490.7,482.1,374.5,345.3,336.3,358.3,403.5,503.4,556.2,582.7,602.4,604.6,587.9,567.8,545.9,493.1,533.0,576.7,597.5,591.0,564.8,578.8,557.8,491.8,459.2,509.6,507.5,486.4,447.2,435.0,434.6,340.1,339.3,372.6,489.1,608.3,659.6,615.4,530.4,480.0,472.7,449.6,444.5,475.6,442.1,399.0,360.6,361.3,387.5,373.5,358.7,327.8,293.9,262.4,247.4,198.7,214.3,210.2,223.6,206.6
